timestamp,country,city,latitude,longitude,pm25,pm10,no2,so2,o3,co,aqi
2025-11-04 18:25:17,US,New York,40.713,-74.006,50.295,108.938,27.998,6.539,52.568,1.096,108
2025-11-04 19:25:17,US,New York,40.713,-74.006,32.083,63.043,22.451,5.821,48.325,0.982,82
2025-11-04 20:25:17,US,New York,40.713,-74.006,42.250,82.553,25.731,6.112,51.284,1.024,94
2025-11-05 08:25:17,IN,Delhi,28.614,77.209,85.421,156.832,62.451,12.843,31.245,1.842,172
2025-11-05 09:25:17,IN,Delhi,28.614,77.209,92.315,171.224,68.732,14.125,28.631,1.954,189
2025-11-05 10:25:17,IN,Delhi,28.614,77.209,78.624,143.521,59.842,11.632,34.825,1.721,158
2025-11-05 11:25:17,IN,Mumbai,19.076,72.878,35.821,72.453,31.284,7.215,45.821,1.124,91
2025-11-05 12:25:17,IN,Mumbai,19.076,72.878,29.432,64.821,27.915,6.832,49.325,0.984,78
2025-11-06 14:25:17,CH,Zurich,47.377,8.542,27.899,74.179,18.421,4.832,62.315,0.721,59
2025-11-07 10:25:17,GB,London,51.507,-0.128,18.432,45.821,22.315,5.124,55.832,0.812,52
2025-11-08 09:25:17,JP,Tokyo,35.676,139.650,24.521,58.321,29.842,4.215,51.632,0.921,67